-- phpMyAdmin SQL Dump
-- version 5.0.2
-- https://www.phpmyadmin.net/
--
-- Servidor: 127.0.0.1:3306
-- Tiempo de generación: 29-06-2023 a las 13:33:48
-- Versión del servidor: 5.7.31-log
-- Versión de PHP: 8.1.9

SET SQL_MODE = "NO_AUTO_VALUE_ON_ZERO";
START TRANSACTION;
SET time_zone = "+00:00";


/*!40101 SET @OLD_CHARACTER_SET_CLIENT=@@CHARACTER_SET_CLIENT */;
/*!40101 SET @OLD_CHARACTER_SET_RESULTS=@@CHARACTER_SET_RESULTS */;
/*!40101 SET @OLD_COLLATION_CONNECTION=@@COLLATION_CONNECTION */;
/*!40101 SET NAMES utf8mb4 */;

--
-- Base de datos: `desis`
--

-- --------------------------------------------------------

--
-- Estructura de tabla para la tabla `candidato`
--

DROP TABLE IF EXISTS `candidato`;
CREATE TABLE IF NOT EXISTS `candidato` (
  `id` bigint(20) UNSIGNED NOT NULL,
  `name` varchar(191) COLLATE utf8mb4_unicode_ci NOT NULL
) ENGINE=MyISAM DEFAULT CHARSET=utf8mb4 COLLATE=utf8mb4_unicode_ci;

--
-- Volcado de datos para la tabla `candidato`
--

INSERT INTO `candidato` (`id`, `name`) VALUES
(1, 'MANUEL VARGAS'),
(2, 'JUAN PEREZ'),
(3, 'JORGE PIZARRO'),
(4, 'MAXIMILIANO CARRASCO');

-- --------------------------------------------------------

--
-- Estructura de tabla para la tabla `comunas`
--

DROP TABLE IF EXISTS `comunas`;
CREATE TABLE IF NOT EXISTS `comunas` (
  `id` bigint(20) UNSIGNED NOT NULL AUTO_INCREMENT,
  `name` varchar(191) COLLATE utf8mb4_unicode_ci NOT NULL,
  `region_id` int(10) UNSIGNED NOT NULL,
  `created_at` timestamp NULL DEFAULT NULL,
  `updated_at` timestamp NULL DEFAULT NULL,
  PRIMARY KEY (`id`),
  KEY `comunas_region_id_foreign` (`region_id`)
) ENGINE=MyISAM AUTO_INCREMENT=347 DEFAULT CHARSET=utf8mb4 COLLATE=utf8mb4_unicode_ci;

--
-- Volcado de datos para la tabla `comunas`
--

INSERT INTO `comunas` (`id`, `name`, `region_id`, `created_at`, `updated_at`) VALUES
(1, 'Arica', 1, '2022-08-26 18:33:26', '2022-08-26 18:33:26'),
(2, 'Camarones', 1, '2022-08-26 18:33:26', '2022-08-26 18:33:26'),
(3, 'General Lagos', 1, '2022-08-26 18:33:26', '2022-08-26 18:33:26'),
(4, 'Putre', 1, '2022-08-26 18:33:26', '2022-08-26 18:33:26'),
(5, 'Alto Hospicio', 2, '2022-08-26 18:33:26', '2022-08-26 18:33:26'),
(6, 'Iquique', 2, '2022-08-26 18:33:26', '2022-08-26 18:33:26'),
(7, 'Camiña', 2, '2022-08-26 18:33:26', '2022-08-26 18:33:26'),
(8, 'Colchane', 2, '2022-08-26 18:33:26', '2022-08-26 18:33:26'),
(9, 'Huara', 2, '2022-08-26 18:33:26', '2022-08-26 18:33:26'),
(10, 'Pica', 2, '2022-08-26 18:33:26', '2022-08-26 18:33:26'),
(11, 'Pozo Almonte', 2, '2022-08-26 18:33:26', '2022-08-26 18:33:26'),
(12, 'Antofagasta', 3, '2022-08-26 18:33:26', '2022-08-26 18:33:26'),
(13, 'Mejillones', 3, '2022-08-26 18:33:26', '2022-08-26 18:33:26'),
(14, 'Sierra Gorda', 3, '2022-08-26 18:33:26', '2022-08-26 18:33:26'),
(15, 'Taltal', 3, '2022-08-26 18:33:26', '2022-08-26 18:33:26'),
(16, 'Calama', 3, '2022-08-26 18:33:26', '2022-08-26 18:33:26'),
(17, 'Ollague', 3, '2022-08-26 18:33:26', '2022-08-26 18:33:26'),
(18, 'San Pedro de Atacama', 3, '2022-08-26 18:33:26', '2022-08-26 18:33:26'),
(19, 'María Elena', 3, '2022-08-26 18:33:26', '2022-08-26 18:33:26'),
(20, 'Tocopilla', 3, '2022-08-26 18:33:26', '2022-08-26 18:33:26'),
(21, 'Chañaral', 4, '2022-08-26 18:33:26', '2022-08-26 18:33:26'),
(22, 'Diego de Almagro', 4, '2022-08-26 18:33:26', '2022-08-26 18:33:26'),
(23, 'Caldera', 4, '2022-08-26 18:33:26', '2022-08-26 18:33:26'),
(24, 'Copiapó', 4, '2022-08-26 18:33:26', '2022-08-26 18:33:26'),
(25, 'Tierra Amarilla', 4, '2022-08-26 18:33:26', '2022-08-26 18:33:26'),
(26, 'Alto del Carmen', 4, '2022-08-26 18:33:26', '2022-08-26 18:33:26'),
(27, 'Freirina', 4, '2022-08-26 18:33:26', '2022-08-26 18:33:26'),
(28, 'Huasco', 4, '2022-08-26 18:33:26', '2022-08-26 18:33:26'),
(29, 'Vallenar', 4, '2022-08-26 18:33:26', '2022-08-26 18:33:26'),
(30, 'Canela', 5, '2022-08-26 18:33:26', '2022-08-26 18:33:26'),
(31, 'Illapel', 5, '2022-08-26 18:33:26', '2022-08-26 18:33:26'),
(32, 'Los Vilos', 5, '2022-08-26 18:33:26', '2022-08-26 18:33:26'),
(33, 'Salamanca', 5, '2022-08-26 18:33:26', '2022-08-26 18:33:26'),
(34, 'Andacollo', 5, '2022-08-26 18:33:26', '2022-08-26 18:33:26'),
(35, 'Coquimbo', 5, '2022-08-26 18:33:26', '2022-08-26 18:33:26'),
(36, 'La Higuera', 5, '2022-08-26 18:33:26', '2022-08-26 18:33:26'),
(37, 'La Serena', 5, '2022-08-26 18:33:26', '2022-08-26 18:33:26'),
(38, 'Paihuaco', 5, '2022-08-26 18:33:26', '2022-08-26 18:33:26'),
(39, 'Vicuña', 5, '2022-08-26 18:33:26', '2022-08-26 18:33:26'),
(40, 'Combarbalá', 5, '2022-08-26 18:33:26', '2022-08-26 18:33:26'),
(41, 'Monte Patria', 5, '2022-08-26 18:33:26', '2022-08-26 18:33:26'),
(42, 'Ovalle', 5, '2022-08-26 18:33:26', '2022-08-26 18:33:26'),
(43, 'Punitaqui', 5, '2022-08-26 18:33:26', '2022-08-26 18:33:26'),
(44, 'Río Hurtado', 5, '2022-08-26 18:33:26', '2022-08-26 18:33:26'),
(45, 'Isla de Pascua', 6, '2022-08-26 18:33:26', '2022-08-26 18:33:26'),
(46, 'Calle Larga', 6, '2022-08-26 18:33:26', '2022-08-26 18:33:26'),
(47, 'Los Andes', 6, '2022-08-26 18:33:26', '2022-08-26 18:33:26'),
(48, 'Rinconada', 6, '2022-08-26 18:33:26', '2022-08-26 18:33:26'),
(49, 'San Esteban', 6, '2022-08-26 18:33:26', '2022-08-26 18:33:26'),
(50, 'La Ligua', 6, '2022-08-26 18:33:26', '2022-08-26 18:33:26'),
(51, 'Papudo', 6, '2022-08-26 18:33:26', '2022-08-26 18:33:26'),
(52, 'Petorca', 6, '2022-08-26 18:33:26', '2022-08-26 18:33:26'),
(53, 'Zapallar', 6, '2022-08-26 18:33:26', '2022-08-26 18:33:26'),
(54, 'Hijuelas', 6, '2022-08-26 18:33:26', '2022-08-26 18:33:26'),
(55, 'La Calera', 6, '2022-08-26 18:33:26', '2022-08-26 18:33:26'),
(56, 'La Cruz', 6, '2022-08-26 18:33:26', '2022-08-26 18:33:26'),
(57, 'Limache', 6, '2022-08-26 18:33:26', '2022-08-26 18:33:26'),
(58, 'Nogales', 6, '2022-08-26 18:33:26', '2022-08-26 18:33:26'),
(59, 'Olmué', 6, '2022-08-26 18:33:26', '2022-08-26 18:33:26'),
(60, 'Quillota', 6, '2022-08-26 18:33:26', '2022-08-26 18:33:26'),
(61, 'Algarrobo', 6, '2022-08-26 18:33:26', '2022-08-26 18:33:26'),
(62, 'Cartagena', 6, '2022-08-26 18:33:26', '2022-08-26 18:33:26'),
(63, 'El Quisco', 6, '2022-08-26 18:33:26', '2022-08-26 18:33:26'),
(64, 'El Tabo', 6, '2022-08-26 18:33:26', '2022-08-26 18:33:26'),
(65, 'San Antonio', 6, '2022-08-26 18:33:26', '2022-08-26 18:33:26'),
(66, 'Santo Domingo', 6, '2022-08-26 18:33:26', '2022-08-26 18:33:26'),
(67, 'Catemu', 6, '2022-08-26 18:33:26', '2022-08-26 18:33:26'),
(68, 'Llaillay', 6, '2022-08-26 18:33:26', '2022-08-26 18:33:26'),
(69, 'Panquehue', 6, '2022-08-26 18:33:26', '2022-08-26 18:33:26'),
(70, 'Putaendo', 6, '2022-08-26 18:33:26', '2022-08-26 18:33:26'),
(71, 'San Felipe', 6, '2022-08-26 18:33:26', '2022-08-26 18:33:26'),
(72, 'Santa María', 6, '2022-08-26 18:33:26', '2022-08-26 18:33:26'),
(73, 'Casablanca', 6, '2022-08-26 18:33:26', '2022-08-26 18:33:26'),
(74, 'Concón', 6, '2022-08-26 18:33:26', '2022-08-26 18:33:26'),
(75, 'Juan Fernández', 6, '2022-08-26 18:33:26', '2022-08-26 18:33:26'),
(76, 'Puchuncaví', 6, '2022-08-26 18:33:26', '2022-08-26 18:33:26'),
(77, 'Quilpué', 6, '2022-08-26 18:33:26', '2022-08-26 18:33:26'),
(78, 'Quintero', 6, '2022-08-26 18:33:26', '2022-08-26 18:33:26'),
(79, 'Valparaíso', 6, '2022-08-26 18:33:26', '2022-08-26 18:33:26'),
(80, 'Villa Alemana', 6, '2022-08-26 18:33:26', '2022-08-26 18:33:26'),
(81, 'Viña del Mar', 6, '2022-08-26 18:33:26', '2022-08-26 18:33:26'),
(82, 'Colina', 7, '2022-08-26 18:33:26', '2022-08-26 18:33:26'),
(83, 'Lampa', 7, '2022-08-26 18:33:26', '2022-08-26 18:33:26'),
(84, 'Tiltil', 7, '2022-08-26 18:33:26', '2022-08-26 18:33:26'),
(85, 'Pirque', 7, '2022-08-26 18:33:26', '2022-08-26 18:33:26'),
(86, 'Puente Alto', 7, '2022-08-26 18:33:26', '2022-08-26 18:33:26'),
(87, 'San José de Maipo', 7, '2022-08-26 18:33:26', '2022-08-26 18:33:26'),
(88, 'Buin', 7, '2022-08-26 18:33:26', '2022-08-26 18:33:26'),
(89, 'Calera de Tango', 7, '2022-08-26 18:33:26', '2022-08-26 18:33:26'),
(90, 'Paine', 7, '2022-08-26 18:33:26', '2022-08-26 18:33:26'),
(91, 'San Bernardo', 7, '2022-08-26 18:33:26', '2022-08-26 18:33:26'),
(92, 'Alhué', 7, '2022-08-26 18:33:26', '2022-08-26 18:33:26'),
(93, 'Curacaví', 7, '2022-08-26 18:33:26', '2022-08-26 18:33:26'),
(94, 'María Pinto', 7, '2022-08-26 18:33:26', '2022-08-26 18:33:26'),
(95, 'Melipilla', 7, '2022-08-26 18:33:26', '2022-08-26 18:33:26'),
(96, 'San Pedro', 7, '2022-08-26 18:33:26', '2022-08-26 18:33:26'),
(97, 'Cerrillos', 7, '2022-08-26 18:33:26', '2022-08-26 18:33:26'),
(98, 'Cerro Navia', 7, '2022-08-26 18:33:26', '2022-08-26 18:33:26'),
(99, 'Conchalí', 7, '2022-08-26 18:33:26', '2022-08-26 18:33:26'),
(100, 'El Bosque', 7, '2022-08-26 18:33:26', '2022-08-26 18:33:26'),
(101, 'Estación Central', 7, '2022-08-26 18:33:26', '2022-08-26 18:33:26'),
(102, 'Huechuraba', 7, '2022-08-26 18:33:26', '2022-08-26 18:33:26'),
(103, 'Independencia', 7, '2022-08-26 18:33:26', '2022-08-26 18:33:26'),
(104, 'La Cisterna', 7, '2022-08-26 18:33:26', '2022-08-26 18:33:26'),
(105, 'La Granja', 7, '2022-08-26 18:33:26', '2022-08-26 18:33:26'),
(106, 'La Florida', 7, '2022-08-26 18:33:26', '2022-08-26 18:33:26'),
(107, 'La Pintana', 7, '2022-08-26 18:33:26', '2022-08-26 18:33:26'),
(108, 'La Reina', 7, '2022-08-26 18:33:26', '2022-08-26 18:33:26'),
(109, 'Las Condes', 7, '2022-08-26 18:33:26', '2022-08-26 18:33:26'),
(110, 'Lo Barnechea', 7, '2022-08-26 18:33:26', '2022-08-26 18:33:26'),
(111, 'Lo Espejo', 7, '2022-08-26 18:33:26', '2022-08-26 18:33:26'),
(112, 'Lo Prado', 7, '2022-08-26 18:33:26', '2022-08-26 18:33:26'),
(113, 'Macul', 7, '2022-08-26 18:33:26', '2022-08-26 18:33:26'),
(114, 'Maipú', 7, '2022-08-26 18:33:26', '2022-08-26 18:33:26'),
(115, 'Ñuñoa', 7, '2022-08-26 18:33:26', '2022-08-26 18:33:26'),
(116, 'Pedro Aguirre Cerda', 7, '2022-08-26 18:33:26', '2022-08-26 18:33:26'),
(117, 'Peñalolén', 7, '2022-08-26 18:33:26', '2022-08-26 18:33:26'),
(118, 'Providencia', 7, '2022-08-26 18:33:26', '2022-08-26 18:33:26'),
(119, 'Pudahuel', 7, '2022-08-26 18:33:26', '2022-08-26 18:33:26'),
(120, 'Quilicura', 7, '2022-08-26 18:33:26', '2022-08-26 18:33:26'),
(121, 'Quinta Normal', 7, '2022-08-26 18:33:26', '2022-08-26 18:33:26'),
(122, 'Recoleta', 7, '2022-08-26 18:33:26', '2022-08-26 18:33:26'),
(123, 'Renca', 7, '2022-08-26 18:33:26', '2022-08-26 18:33:26'),
(124, 'San Miguel', 7, '2022-08-26 18:33:26', '2022-08-26 18:33:26'),
(125, 'San Joaquín', 7, '2022-08-26 18:33:26', '2022-08-26 18:33:26'),
(126, 'San Ramón', 7, '2022-08-26 18:33:26', '2022-08-26 18:33:26'),
(127, 'Santiago', 7, '2022-08-26 18:33:26', '2022-08-26 18:33:26'),
(128, 'Vitacura', 7, '2022-08-26 18:33:26', '2022-08-26 18:33:26'),
(129, 'El Monte', 7, '2022-08-26 18:33:26', '2022-08-26 18:33:26'),
(130, 'Isla de Maipo', 7, '2022-08-26 18:33:26', '2022-08-26 18:33:26'),
(131, 'Padre Hurtado', 7, '2022-08-26 18:33:26', '2022-08-26 18:33:26'),
(132, 'Peñaflor', 7, '2022-08-26 18:33:26', '2022-08-26 18:33:26'),
(133, 'Talagante', 7, '2022-08-26 18:33:26', '2022-08-26 18:33:26'),
(134, 'Codegua', 8, '2022-08-26 18:33:26', '2022-08-26 18:33:26'),
(135, 'Coínco', 8, '2022-08-26 18:33:26', '2022-08-26 18:33:26'),
(136, 'Coltauco', 8, '2022-08-26 18:33:26', '2022-08-26 18:33:26'),
(137, 'Doñihue', 8, '2022-08-26 18:33:26', '2022-08-26 18:33:26'),
(138, 'Graneros', 8, '2022-08-26 18:33:26', '2022-08-26 18:33:26'),
(139, 'Las Cabras', 8, '2022-08-26 18:33:26', '2022-08-26 18:33:26'),
(140, 'Machalí', 8, '2022-08-26 18:33:26', '2022-08-26 18:33:26'),
(141, 'Malloa', 8, '2022-08-26 18:33:26', '2022-08-26 18:33:26'),
(142, 'Mostazal', 8, '2022-08-26 18:33:26', '2022-08-26 18:33:26'),
(143, 'Olivar', 8, '2022-08-26 18:33:26', '2022-08-26 18:33:26'),
(144, 'Peumo', 8, '2022-08-26 18:33:26', '2022-08-26 18:33:26'),
(145, 'Pichidegua', 8, '2022-08-26 18:33:26', '2022-08-26 18:33:26'),
(146, 'Quinta de Tilcoco', 8, '2022-08-26 18:33:26', '2022-08-26 18:33:26'),
(147, 'Rancagua', 8, '2022-08-26 18:33:26', '2022-08-26 18:33:26'),
(148, 'Rengo', 8, '2022-08-26 18:33:26', '2022-08-26 18:33:26'),
(149, 'Requínoa', 8, '2022-08-26 18:33:26', '2022-08-26 18:33:26'),
(150, 'San Vicente de Tagua Tagua', 8, '2022-08-26 18:33:26', '2022-08-26 18:33:26'),
(151, 'La Estrella', 8, '2022-08-26 18:33:26', '2022-08-26 18:33:26'),
(152, 'Litueche', 8, '2022-08-26 18:33:26', '2022-08-26 18:33:26'),
(153, 'Marchihue', 8, '2022-08-26 18:33:26', '2022-08-26 18:33:26'),
(154, 'Navidad', 8, '2022-08-26 18:33:26', '2022-08-26 18:33:26'),
(155, 'Peredones', 8, '2022-08-26 18:33:26', '2022-08-26 18:33:26'),
(156, 'Pichilemu', 8, '2022-08-26 18:33:26', '2022-08-26 18:33:26'),
(157, 'Chépica', 8, '2022-08-26 18:33:26', '2022-08-26 18:33:26'),
(158, 'Chimbarongo', 8, '2022-08-26 18:33:26', '2022-08-26 18:33:26'),
(159, 'Lolol', 8, '2022-08-26 18:33:26', '2022-08-26 18:33:26'),
(160, 'Nancagua', 8, '2022-08-26 18:33:26', '2022-08-26 18:33:26'),
(161, 'Palmilla', 8, '2022-08-26 18:33:26', '2022-08-26 18:33:26'),
(162, 'Peralillo', 8, '2022-08-26 18:33:26', '2022-08-26 18:33:26'),
(163, 'Placilla', 8, '2022-08-26 18:33:26', '2022-08-26 18:33:26'),
(164, 'Pumanque', 8, '2022-08-26 18:33:26', '2022-08-26 18:33:26'),
(165, 'San Fernando', 8, '2022-08-26 18:33:26', '2022-08-26 18:33:26'),
(166, 'Santa Cruz', 8, '2022-08-26 18:33:26', '2022-08-26 18:33:26'),
(167, 'Cauquenes', 9, '2022-08-26 18:33:26', '2022-08-26 18:33:26'),
(168, 'Chanco', 9, '2022-08-26 18:33:26', '2022-08-26 18:33:26'),
(169, 'Pelluhue', 9, '2022-08-26 18:33:26', '2022-08-26 18:33:26'),
(170, 'Curicó', 9, '2022-08-26 18:33:26', '2022-08-26 18:33:26'),
(171, 'Hualañé', 9, '2022-08-26 18:33:26', '2022-08-26 18:33:26'),
(172, 'Licantén', 9, '2022-08-26 18:33:26', '2022-08-26 18:33:26'),
(173, 'Molina', 9, '2022-08-26 18:33:26', '2022-08-26 18:33:26'),
(174, 'Rauco', 9, '2022-08-26 18:33:26', '2022-08-26 18:33:26'),
(175, 'Romeral', 9, '2022-08-26 18:33:26', '2022-08-26 18:33:26'),
(176, 'Sagrada Familia', 9, '2022-08-26 18:33:26', '2022-08-26 18:33:26'),
(177, 'Teno', 9, '2022-08-26 18:33:26', '2022-08-26 18:33:26'),
(178, 'Vichuquén', 9, '2022-08-26 18:33:26', '2022-08-26 18:33:26'),
(179, 'Colbún', 9, '2022-08-26 18:33:26', '2022-08-26 18:33:26'),
(180, 'Linares', 9, '2022-08-26 18:33:26', '2022-08-26 18:33:26'),
(181, 'Longaví', 9, '2022-08-26 18:33:26', '2022-08-26 18:33:26'),
(182, 'Parral', 9, '2022-08-26 18:33:26', '2022-08-26 18:33:26'),
(183, 'Retiro', 9, '2022-08-26 18:33:26', '2022-08-26 18:33:26'),
(184, 'San Javier', 9, '2022-08-26 18:33:26', '2022-08-26 18:33:26'),
(185, 'Villa Alegre', 9, '2022-08-26 18:33:26', '2022-08-26 18:33:26'),
(186, 'Yerbas Buenas', 9, '2022-08-26 18:33:26', '2022-08-26 18:33:26'),
(187, 'Constitución', 9, '2022-08-26 18:33:26', '2022-08-26 18:33:26'),
(188, 'Curepto', 9, '2022-08-26 18:33:26', '2022-08-26 18:33:26'),
(189, 'Empedrado', 9, '2022-08-26 18:33:26', '2022-08-26 18:33:26'),
(190, 'Maule', 9, '2022-08-26 18:33:26', '2022-08-26 18:33:26'),
(191, 'Pelarco', 9, '2022-08-26 18:33:26', '2022-08-26 18:33:26'),
(192, 'Pencahue', 9, '2022-08-26 18:33:26', '2022-08-26 18:33:26'),
(193, 'Río Claro', 9, '2022-08-26 18:33:26', '2022-08-26 18:33:26'),
(194, 'San Clemente', 9, '2022-08-26 18:33:26', '2022-08-26 18:33:26'),
(195, 'San Rafael', 9, '2022-08-26 18:33:26', '2022-08-26 18:33:26'),
(196, 'Talca', 9, '2022-08-26 18:33:26', '2022-08-26 18:33:26'),
(197, 'Bulnes', 10, '2022-08-26 18:33:26', '2022-08-26 18:33:26'),
(198, 'Chillán', 10, '2022-08-26 18:33:26', '2022-08-26 18:33:26'),
(199, 'Chillán Viejo', 10, '2022-08-26 18:33:26', '2022-08-26 18:33:26'),
(200, 'Cobquecura', 10, '2022-08-26 18:33:26', '2022-08-26 18:33:26'),
(201, 'Coelemu', 10, '2022-08-26 18:33:26', '2022-08-26 18:33:26'),
(202, 'Coihueco', 10, '2022-08-26 18:33:26', '2022-08-26 18:33:26'),
(203, 'El Carmen', 10, '2022-08-26 18:33:26', '2022-08-26 18:33:26'),
(204, 'Ninhue', 10, '2022-08-26 18:33:26', '2022-08-26 18:33:26'),
(205, 'Ñiquen', 10, '2022-08-26 18:33:26', '2022-08-26 18:33:26'),
(206, 'Pemuco', 10, '2022-08-26 18:33:26', '2022-08-26 18:33:26'),
(207, 'Pinto', 10, '2022-08-26 18:33:26', '2022-08-26 18:33:26'),
(208, 'Portezuelo', 10, '2022-08-26 18:33:26', '2022-08-26 18:33:26'),
(209, 'Quirihue', 10, '2022-08-26 18:33:26', '2022-08-26 18:33:26'),
(210, 'Ránquil', 10, '2022-08-26 18:33:26', '2022-08-26 18:33:26'),
(211, 'Treguaco', 10, '2022-08-26 18:33:26', '2022-08-26 18:33:26'),
(212, 'Quillón', 10, '2022-08-26 18:33:26', '2022-08-26 18:33:26'),
(213, 'San Carlos', 10, '2022-08-26 18:33:26', '2022-08-26 18:33:26'),
(214, 'San Fabián', 10, '2022-08-26 18:33:26', '2022-08-26 18:33:26'),
(215, 'San Ignacio', 10, '2022-08-26 18:33:26', '2022-08-26 18:33:26'),
(216, 'San Nicolás', 10, '2022-08-26 18:33:26', '2022-08-26 18:33:26'),
(217, 'Yungay', 10, '2022-08-26 18:33:26', '2022-08-26 18:33:26'),
(218, 'Arauco', 11, '2022-08-26 18:33:26', '2022-08-26 18:33:26'),
(219, 'Cañete', 11, '2022-08-26 18:33:26', '2022-08-26 18:33:26'),
(220, 'Contulmo', 11, '2022-08-26 18:33:26', '2022-08-26 18:33:26'),
(221, 'Curanilahue', 11, '2022-08-26 18:33:26', '2022-08-26 18:33:26'),
(222, 'Lebu', 11, '2022-08-26 18:33:26', '2022-08-26 18:33:26'),
(223, 'Los Álamos', 11, '2022-08-26 18:33:26', '2022-08-26 18:33:26'),
(224, 'Tirúa', 11, '2022-08-26 18:33:26', '2022-08-26 18:33:26'),
(225, 'Alto Biobío', 11, '2022-08-26 18:33:26', '2022-08-26 18:33:26'),
(226, 'Antuco', 11, '2022-08-26 18:33:26', '2022-08-26 18:33:26'),
(227, 'Cabrero', 11, '2022-08-26 18:33:26', '2022-08-26 18:33:26'),
(228, 'Laja', 11, '2022-08-26 18:33:26', '2022-08-26 18:33:26'),
(229, 'Los Ángeles', 11, '2022-08-26 18:33:26', '2022-08-26 18:33:26'),
(230, 'Mulchén', 11, '2022-08-26 18:33:26', '2022-08-26 18:33:26'),
(231, 'Nacimiento', 11, '2022-08-26 18:33:26', '2022-08-26 18:33:26'),
(232, 'Negrete', 11, '2022-08-26 18:33:26', '2022-08-26 18:33:26'),
(233, 'Quilaco', 11, '2022-08-26 18:33:26', '2022-08-26 18:33:26'),
(234, 'Quilleco', 11, '2022-08-26 18:33:26', '2022-08-26 18:33:26'),
(235, 'San Rosendo', 11, '2022-08-26 18:33:26', '2022-08-26 18:33:26'),
(236, 'Santa Bárbara', 11, '2022-08-26 18:33:26', '2022-08-26 18:33:26'),
(237, 'Tucapel', 11, '2022-08-26 18:33:26', '2022-08-26 18:33:26'),
(238, 'Yumbel', 11, '2022-08-26 18:33:26', '2022-08-26 18:33:26'),
(239, 'Chiguayante', 11, '2022-08-26 18:33:26', '2022-08-26 18:33:26'),
(240, 'Concepción', 11, '2022-08-26 18:33:26', '2022-08-26 18:33:26'),
(241, 'Coronel', 11, '2022-08-26 18:33:26', '2022-08-26 18:33:26'),
(242, 'Florida', 11, '2022-08-26 18:33:26', '2022-08-26 18:33:26'),
(243, 'Hualpén', 11, '2022-08-26 18:33:26', '2022-08-26 18:33:26'),
(244, 'Hualqui', 11, '2022-08-26 18:33:26', '2022-08-26 18:33:26'),
(245, 'Lota', 11, '2022-08-26 18:33:26', '2022-08-26 18:33:26'),
(246, 'Penco', 11, '2022-08-26 18:33:26', '2022-08-26 18:33:26'),
(247, 'San Pedro de La Paz', 11, '2022-08-26 18:33:26', '2022-08-26 18:33:26'),
(248, 'Santa Juana', 11, '2022-08-26 18:33:26', '2022-08-26 18:33:26'),
(249, 'Talcahuano', 11, '2022-08-26 18:33:26', '2022-08-26 18:33:26'),
(250, 'Tomé', 11, '2022-08-26 18:33:26', '2022-08-26 18:33:26'),
(251, 'Carahue', 12, '2022-08-26 18:33:26', '2022-08-26 18:33:26'),
(252, 'Cholchol', 12, '2022-08-26 18:33:26', '2022-08-26 18:33:26'),
(253, 'Cunco', 12, '2022-08-26 18:33:26', '2022-08-26 18:33:26'),
(254, 'Curarrehue', 12, '2022-08-26 18:33:26', '2022-08-26 18:33:26'),
(255, 'Freire', 12, '2022-08-26 18:33:26', '2022-08-26 18:33:26'),
(256, 'Galvarino', 12, '2022-08-26 18:33:26', '2022-08-26 18:33:26'),
(257, 'Gorbea', 12, '2022-08-26 18:33:26', '2022-08-26 18:33:26'),
(258, 'Lautaro', 12, '2022-08-26 18:33:26', '2022-08-26 18:33:26'),
(259, 'Loncoche', 12, '2022-08-26 18:33:26', '2022-08-26 18:33:26'),
(260, 'Melipeuco', 12, '2022-08-26 18:33:26', '2022-08-26 18:33:26'),
(261, 'Nueva Imperial', 12, '2022-08-26 18:33:26', '2022-08-26 18:33:26'),
(262, 'Padre Las Casas', 12, '2022-08-26 18:33:26', '2022-08-26 18:33:26'),
(263, 'Perquenco', 12, '2022-08-26 18:33:26', '2022-08-26 18:33:26'),
(264, 'Pitrufquén', 12, '2022-08-26 18:33:26', '2022-08-26 18:33:26'),
(265, 'Pucón', 12, '2022-08-26 18:33:26', '2022-08-26 18:33:26'),
(266, 'Saavedra', 12, '2022-08-26 18:33:26', '2022-08-26 18:33:26'),
(267, 'Temuco', 12, '2022-08-26 18:33:26', '2022-08-26 18:33:26'),
(268, 'Teodoro Schmidt', 12, '2022-08-26 18:33:26', '2022-08-26 18:33:26'),
(269, 'Toltén', 12, '2022-08-26 18:33:26', '2022-08-26 18:33:26'),
(270, 'Vilcún', 12, '2022-08-26 18:33:26', '2022-08-26 18:33:26'),
(271, 'Villarrica', 12, '2022-08-26 18:33:26', '2022-08-26 18:33:26'),
(272, 'Angol', 12, '2022-08-26 18:33:26', '2022-08-26 18:33:26'),
(273, 'Collipulli', 12, '2022-08-26 18:33:26', '2022-08-26 18:33:26'),
(274, 'Curacautín', 12, '2022-08-26 18:33:26', '2022-08-26 18:33:26'),
(275, 'Ercilla', 12, '2022-08-26 18:33:26', '2022-08-26 18:33:26'),
(276, 'Lonquimay', 12, '2022-08-26 18:33:26', '2022-08-26 18:33:26'),
(277, 'Los Sauces', 12, '2022-08-26 18:33:26', '2022-08-26 18:33:26'),
(278, 'Lumaco', 12, '2022-08-26 18:33:26', '2022-08-26 18:33:26'),
(279, 'Purén', 12, '2022-08-26 18:33:26', '2022-08-26 18:33:26'),
(280, 'Renaico', 12, '2022-08-26 18:33:26', '2022-08-26 18:33:26'),
(281, 'Traiguén', 12, '2022-08-26 18:33:26', '2022-08-26 18:33:26'),
(282, 'Victoria', 12, '2022-08-26 18:33:26', '2022-08-26 18:33:26'),
(283, 'Corral', 13, '2022-08-26 18:33:26', '2022-08-26 18:33:26'),
(284, 'Lanco', 13, '2022-08-26 18:33:26', '2022-08-26 18:33:26'),
(285, 'Los Lagos', 13, '2022-08-26 18:33:26', '2022-08-26 18:33:26'),
(286, 'Máfil', 13, '2022-08-26 18:33:26', '2022-08-26 18:33:26'),
(287, 'Mariquina', 13, '2022-08-26 18:33:26', '2022-08-26 18:33:26'),
(288, 'Paillaco', 13, '2022-08-26 18:33:26', '2022-08-26 18:33:26'),
(289, 'Panguipulli', 13, '2022-08-26 18:33:26', '2022-08-26 18:33:26'),
(290, 'Valdivia', 13, '2022-08-26 18:33:26', '2022-08-26 18:33:26'),
(291, 'Futrono', 13, '2022-08-26 18:33:26', '2022-08-26 18:33:26'),
(292, 'La Unión', 13, '2022-08-26 18:33:26', '2022-08-26 18:33:26'),
(293, 'Lago Ranco', 13, '2022-08-26 18:33:26', '2022-08-26 18:33:26'),
(294, 'Río Bueno', 13, '2022-08-26 18:33:26', '2022-08-26 18:33:26'),
(295, 'Ancud', 14, '2022-08-26 18:33:26', '2022-08-26 18:33:26'),
(296, 'Castro', 14, '2022-08-26 18:33:26', '2022-08-26 18:33:26'),
(297, 'Chonchi', 14, '2022-08-26 18:33:26', '2022-08-26 18:33:26'),
(298, 'Curaco de Vélez', 14, '2022-08-26 18:33:26', '2022-08-26 18:33:26'),
(299, 'Dalcahue', 14, '2022-08-26 18:33:26', '2022-08-26 18:33:26'),
(300, 'Puqueldón', 14, '2022-08-26 18:33:26', '2022-08-26 18:33:26'),
(301, 'Queilén', 14, '2022-08-26 18:33:26', '2022-08-26 18:33:26'),
(302, 'Quemchi', 14, '2022-08-26 18:33:26', '2022-08-26 18:33:26'),
(303, 'Quellón', 14, '2022-08-26 18:33:26', '2022-08-26 18:33:26'),
(304, 'Quinchao', 14, '2022-08-26 18:33:26', '2022-08-26 18:33:26'),
(305, 'Calbuco', 14, '2022-08-26 18:33:26', '2022-08-26 18:33:26'),
(306, 'Cochamó', 14, '2022-08-26 18:33:26', '2022-08-26 18:33:26'),
(307, 'Fresia', 14, '2022-08-26 18:33:26', '2022-08-26 18:33:26'),
(308, 'Frutillar', 14, '2022-08-26 18:33:26', '2022-08-26 18:33:26'),
(309, 'Llanquihue', 14, '2022-08-26 18:33:26', '2022-08-26 18:33:26'),
(310, 'Los Muermos', 14, '2022-08-26 18:33:26', '2022-08-26 18:33:26'),
(311, 'Maullín', 14, '2022-08-26 18:33:26', '2022-08-26 18:33:26'),
(312, 'Puerto Montt', 14, '2022-08-26 18:33:26', '2022-08-26 18:33:26'),
(313, 'Puerto Varas', 14, '2022-08-26 18:33:26', '2022-08-26 18:33:26'),
(314, 'Osorno', 14, '2022-08-26 18:33:26', '2022-08-26 18:33:26'),
(315, 'Puero Octay', 14, '2022-08-26 18:33:26', '2022-08-26 18:33:26'),
(316, 'Purranque', 14, '2022-08-26 18:33:26', '2022-08-26 18:33:26'),
(317, 'Puyehue', 14, '2022-08-26 18:33:26', '2022-08-26 18:33:26'),
(318, 'Río Negro', 14, '2022-08-26 18:33:26', '2022-08-26 18:33:26'),
(319, 'San Juan de la Costa', 14, '2022-08-26 18:33:26', '2022-08-26 18:33:26'),
(320, 'San Pablo', 14, '2022-08-26 18:33:26', '2022-08-26 18:33:26'),
(321, 'Chaitén', 14, '2022-08-26 18:33:26', '2022-08-26 18:33:26'),
(322, 'Futaleufú', 14, '2022-08-26 18:33:26', '2022-08-26 18:33:26'),
(323, 'Hualaihué', 14, '2022-08-26 18:33:26', '2022-08-26 18:33:26'),
(324, 'Palena', 14, '2022-08-26 18:33:26', '2022-08-26 18:33:26'),
(325, 'Aisén', 15, '2022-08-26 18:33:26', '2022-08-26 18:33:26'),
(326, 'Cisnes', 15, '2022-08-26 18:33:26', '2022-08-26 18:33:26'),
(327, 'Guaitecas', 15, '2022-08-26 18:33:26', '2022-08-26 18:33:26'),
(328, 'Cochrane', 15, '2022-08-26 18:33:26', '2022-08-26 18:33:26'),
(329, 'O\'higgins', 15, '2022-08-26 18:33:26', '2022-08-26 18:33:26'),
(330, 'Tortel', 15, '2022-08-26 18:33:26', '2022-08-26 18:33:26'),
(331, 'Coihaique', 15, '2022-08-26 18:33:26', '2022-08-26 18:33:26'),
(332, 'Lago Verde', 15, '2022-08-26 18:33:26', '2022-08-26 18:33:26'),
(333, 'Chile Chico', 15, '2022-08-26 18:33:26', '2022-08-26 18:33:26'),
(334, 'Río Ibáñez', 15, '2022-08-26 18:33:26', '2022-08-26 18:33:26'),
(335, 'Antártica', 16, '2022-08-26 18:33:26', '2022-08-26 18:33:26'),
(336, 'Cabo de Hornos', 16, '2022-08-26 18:33:26', '2022-08-26 18:33:26'),
(337, 'Laguna Blanca', 16, '2022-08-26 18:33:26', '2022-08-26 18:33:26'),
(338, 'Punta Arenas', 16, '2022-08-26 18:33:26', '2022-08-26 18:33:26'),
(339, 'Río Verde', 16, '2022-08-26 18:33:26', '2022-08-26 18:33:26'),
(340, 'San Gregorio', 16, '2022-08-26 18:33:26', '2022-08-26 18:33:26'),
(341, 'Porvenir', 16, '2022-08-26 18:33:26', '2022-08-26 18:33:26'),
(342, 'Primavera', 16, '2022-08-26 18:33:26', '2022-08-26 18:33:26'),
(343, 'Timaukel', 16, '2022-08-26 18:33:26', '2022-08-26 18:33:26'),
(344, 'Natales', 16, '2022-08-26 18:33:26', '2022-08-26 18:33:26'),
(345, 'Torres del Paine', 16, '2022-08-26 18:33:26', '2022-08-26 18:33:26'),
(346, 'Cabildo', 6, '2022-08-26 18:33:26', '2022-08-26 18:33:26');

-- --------------------------------------------------------

--
-- Estructura de tabla para la tabla `regiones`
--

DROP TABLE IF EXISTS `regiones`;
CREATE TABLE IF NOT EXISTS `regiones` (
  `id` bigint(20) UNSIGNED NOT NULL AUTO_INCREMENT,
  `order` int(11) NOT NULL,
  `name` varchar(128) COLLATE utf8mb4_unicode_ci NOT NULL,
  `ordinal_symbol` varchar(8) COLLATE utf8mb4_unicode_ci NOT NULL,
  `created_at` timestamp NULL DEFAULT NULL,
  `updated_at` timestamp NULL DEFAULT NULL,
  PRIMARY KEY (`id`)
) ENGINE=MyISAM AUTO_INCREMENT=17 DEFAULT CHARSET=utf8mb4 COLLATE=utf8mb4_unicode_ci;

--
-- Volcado de datos para la tabla `regiones`
--

INSERT INTO `regiones` (`id`, `order`, `name`, `ordinal_symbol`, `created_at`, `updated_at`) VALUES
(1, 1, 'Arica y Parinacota', 'XV', '2022-08-26 18:33:26', '2022-08-26 18:33:26'),
(2, 2, 'Tarapacá', 'I', '2022-08-26 18:33:26', '2022-08-26 18:33:26'),
(3, 3, 'Antofagasta', 'II', '2022-08-26 18:33:26', '2022-08-26 18:33:26'),
(4, 4, 'Atacama', 'III', '2022-08-26 18:33:26', '2022-08-26 18:33:26'),
(5, 5, 'Coquimbo', 'IV', '2022-08-26 18:33:26', '2022-08-26 18:33:26'),
(6, 6, 'Valparaiso', 'V', '2022-08-26 18:33:26', '2022-08-26 18:33:26'),
(7, 7, 'Metropolitana de Santiago', 'RM', '2022-08-26 18:33:26', '2022-08-26 18:33:26'),
(8, 8, 'Libertador General Bernardo O\'Higgins', 'VI', '2022-08-26 18:33:26', '2022-08-26 18:33:26'),
(9, 9, 'Maule', 'VII', '2022-08-26 18:33:26', '2022-08-26 18:33:26'),
(10, 10, 'Ñuble', 'XVI', '2022-08-26 18:33:26', '2022-08-26 18:33:26'),
(11, 11, 'Biobío', 'VIII', '2022-08-26 18:33:26', '2022-08-26 18:33:26'),
(12, 12, 'La Araucanía', 'IX', '2022-08-26 18:33:26', '2022-08-26 18:33:26'),
(13, 13, 'Los Ríos', 'XIV', '2022-08-26 18:33:26', '2022-08-26 18:33:26'),
(14, 14, 'Los Lagos', 'X', '2022-08-26 18:33:26', '2022-08-26 18:33:26'),
(15, 15, 'Aisén del General Carlos Ibáñez del Campo', 'XI', '2022-08-26 18:33:26', '2022-08-26 18:33:26'),
(16, 16, 'Magallanes y de la Antártica Chilena', 'XII', '2022-08-26 18:33:26', '2022-08-26 18:33:26');

-- --------------------------------------------------------

--
-- Estructura de tabla para la tabla `votos`
--

DROP TABLE IF EXISTS `votos`;
CREATE TABLE IF NOT EXISTS `votos` (
  `id` bigint(20) UNSIGNED NOT NULL AUTO_INCREMENT,
  `nombre` varchar(128) COLLATE utf8mb4_unicode_ci DEFAULT NULL,
  `alias` varchar(128) COLLATE utf8mb4_unicode_ci DEFAULT NULL,
  `rut` varchar(16) COLLATE utf8mb4_unicode_ci DEFAULT NULL,
  `email` varchar(128) COLLATE utf8mb4_unicode_ci DEFAULT NULL,
  `comuna_id` bigint(20) UNSIGNED NOT NULL,
  `candidato_id` bigint(20) UNSIGNED NOT NULL,
  `enterar` varchar(128) COLLATE utf8mb4_unicode_ci DEFAULT NULL,
  `created_at` timestamp NULL DEFAULT NULL,
  `updated_at` timestamp NULL DEFAULT NULL,
  PRIMARY KEY (`id`)
) ENGINE=MyISAM DEFAULT CHARSET=utf8mb4 COLLATE=utf8mb4_unicode_ci;
COMMIT;

/*!40101 SET CHARACTER_SET_CLIENT=@OLD_CHARACTER_SET_CLIENT */;
/*!40101 SET CHARACTER_SET_RESULTS=@OLD_CHARACTER_SET_RESULTS */;
/*!40101 SET COLLATION_CONNECTION=@OLD_COLLATION_CONNECTION */;
